Participant_Code,Window_ID,Window_Start,Window_End,Segment_Type,HRV_MeanNN,HRV_SDNN,HRV_RMSSD,HRV_pNN50,HRV_LF,HRV_HF,HRV_LFHF,HRV_SDSD,HRV_pNN20,HRV_VLF,HRV_maxNN,HRV_minNN,HRV_prc80NN,HRV_madNN,EDA_Tonic,SCR_Amplitude,SCR_Onsets,SCR_Phasic,Window_Start_readable,Window_End_readable
4e7fwihc,Task_1,1721746560972226560,1721746835850133504,Task,813.8116666666666,48.29886988266004,27.336797559968954,7.166666666666667,0.010086336554680633,0.003360345666508252,3.0015770863124875,27.35940196424267,41.5,0.009766772512235528,985.0,663.0,847.0,27.0,10.774457378621213,3.3494103391574377e-05,33,-0.00035769896822756197,2024-07-23 16:56:00.972227,2024-07-23 17:00:35.850133
4e7fwihc,Task_2,1721746835850133504,1721747110728040448,Task,828.6644736842105,55.65118334442199,30.63144975814423,11.18421052631579,0.01452886715130643,0.003201513849801412,4.538124097825673,30.664900747775782,46.271929824561404,0.007039808148131249,1048.0,690.0,876.0,36.0,11.186680061152126,3.598399066834785e-05,21,-5.733773423763552e-05,2024-07-23 17:00:35.850133,2024-07-23 17:05:10.728040
4e7fwihc,Baseline_1,1721745736338505728,1721745873777459200,Baseline,898.7049180327868,77.41636461364781,35.61094952437238,11.475409836065573,0.009298104748765766,0.0020657801232657268,4.501013754584242,35.65349681327626,47.540983606557376,0.019236790426954198,1115.0,697.0,960.0,46.5,7.220706068856761,6.280601044087806e-05,22,5.953832104981426e-06,2024-07-23 16:42:16.338506,2024-07-23 16:44:33.777459
p7iju5ef,Task_1,1721746560972226560,1721746835850133504,Task,682.6471408647141,57.97087650914474,20.748864140682294,2.2315202231520224,0.001856416345048469,0.0004912677839682334,3.778827770983064,20.76328969430331,24.686192468619247,0.0010975330837951344,866.0,544.0,731.0,39.0,15.084666301055089,5.721704339635197e-05,70,0.000365846616530829,2024-07-23 16:56:00.972227,2024-07-23 17:00:35.850133
p7iju5ef,Task_2,1721746835850133504,1721747110728040448,Task,663.2336956521739,44.5678540133759,19.439947649771344,2.0380434782608696,0.016536964737366683,0.0031679277792433574,5.220120498238267,19.45313373070299,20.652173913043477,0.013075863619554352,923.0,544.0,696.0,26.0,17.428824341049495,4.6391354850910215e-05,73,0.0002950071944390761,2024-07-23 17:00:35.850133,2024-07-23 17:05:10.728040
p7iju5ef,Task_3,1721747110728040448,1721747385605947392,Task,646.6174142480211,43.77302828750018,16.8216222434379,1.1873350923482848,0.006831844358174855,0.0015418602484273192,4.4309102366075415,16.832730691042872,16.490765171503956,0.006024470335069626,923.0,528.0,678.0,26.0,18.584061448834213,4.0092615644465706e-05,59,-0.00014863127961920022,2024-07-23 17:05:10.728040,2024-07-23 17:09:45.605947
p7iju5ef,Task_4,1721747385605947392,1721747660483854336,Task,735.2071535022354,98.35150338153323,36.61962608937144,12.071535022354695,0.0016271864391454636,0.00045568699609679995,3.5708423832217635,36.646889340846066,43.36810730253353,0.0006591872431975687,1061.0,568.0,831.0,76.0,19.815917640877988,6.321485312453523e-05,13,6.120994426000684e-05,2024-07-23 17:09:45.605947,2024-07-23 17:14:20.483854
p7iju5ef,Task_5,1721747660483854336,1721747797922807808,Task,779.3469879518073,69.6267140438101,39.655064677659674,12.771084337349398,0.04420944369177443,0.00935648173888298,4.725007211637262,39.69957576435176,58.31325301204819,0.012127185144731382,1008.9999999999999,568.0,833.2,43.0,18.09632519019915,0.00013725083529359707,14,-0.0009295406331797371,2024-07-23 17:14:20.483854,2024-07-23 17:16:37.922808
p7iju5ef,Baseline_1,1721745873777459200,1721746011216412672,Baseline,774.7505995203837,59.290599169515026,37.94752196226946,16.786570743405278,0.04132291483499804,0.017028934432748347,2.426629510976913,37.99317746421873,58.752997601918466,0.01276511741067202,923.0,599.0,820.8,38.0,10.004944476327264,7.772122843209531e-05,19,-0.000139733691123952,2024-07-23 16:44:33.777459,2024-07-23 16:46:51.216413
qcmosl88,Task_1,1721746560972226560,1721746835850133504,Task,800.8623548922056,45.196977074113725,25.51925857346829,4.643449419568822,0.019365576187741165,0.005174122102221671,3.7427752583237166,25.540469808409632,42.62023217247098,0.008907333385695276,951.0,659.0,835.0,28.0,11.778257408869012,0.0001109292062498119,44,1.0121284346094316e-06,2024-07-23 16:56:00.972227,2024-07-23 17:00:35.850133
qcmosl88,Task_2,1721746835850133504,1721747110728040448,Task,793.7796052631579,57.2250458856516,26.88271555083582,6.4144736842105265,0.014180124587840738,0.0029347817556944294,4.831747560215233,26.904810022860843,42.92763157894737,0.005520021419477658,973.0,623.0,841.6,39.0,12.191288832592203,0.00010317111856175905,36,-0.001090357919780355,2024-07-23 17:00:35.850133,2024-07-23 17:05:10.728040
qcmosl88,Task_3,1721747110728040448,1721747385605947392,Task,783.1666666666666,48.761714020191356,24.88088316036121,4.0453074433656955,0.010999906386943608,0.002106061947649422,5.222973806264633,24.90029698697953,42.07119741100323,0.007281625369555077,907.0,623.0,822.6,31.5,12.472609883745218,0.0001255090396691462,48,-0.000270627727640629,2024-07-23 17:05:10.728040,2024-07-23 17:09:45.605947
qcmosl88,Task_4,1721747385605947392,1721747660483854336,Task,841.175652173913,57.09783246632637,26.117464486804845,5.217391304347826,0.006673719737465573,0.0018459843849340906,3.615263374887027,26.14008740672218,44.34782608695652,0.0035051290050738676,972.0,695.0,895.0,43.0,12.859622934456999,0.0001669932117804305,62,0.0006851561196900022,2024-07-23 17:09:45.605947,2024-07-23 17:14:20.483854
qcmosl88,Task_5,1721747660483854336,1721747797922807808,Task,856.9922077922078,106.70406623753088,133.51613120393606,11.688311688311687,0.014179547308491539,0.003646737626530745,3.8882828326700825,133.6798390318339,49.35064935064935,0.006112298050506996,1574.0,304.0,910.2,40.0,11.396867890447455,9.918530596598731e-05,26,0.0008082919418961646,2024-07-23 17:14:20.483854,2024-07-23 17:16:37.922808
qcmosl88,Baseline_1,1721745598899552256,1721745736338505728,Baseline,814.6289926289926,48.22609359226493,22.707933554276106,2.7027027027027026,0.015236210926499003,0.002980636148709866,5.111731243376962,22.735368157871928,35.38083538083538,0.019958271518464,963.0,677.0,848.8,24.0,9.826393391262476,4.9033778621902755e-05,14,-5.938611565893792e-05,2024-07-23 16:39:58.899552,2024-07-23 16:42:16.338506
j6nis4aa,Task_1,1721746560972226560,1721746835850133504,Task,811.2396694214876,52.41919432484032,32.65571458970449,10.909090909090908,0.02499754336659896,0.007627492604078453,3.2772949990449898,32.68277398093703,52.56198347107438,0.013684028619099812,998.0,667.0,851.0,32.0,9.516387395447161,2.215880932991684e-05,13,5.958533300677237e-05,2024-07-23 16:56:00.972227,2024-07-23 17:00:35.850133
j6nis4aa,Task_2,1721746835850133504,1721747110728040448,Task,811.9918300653595,56.66447258733809,34.940023430385324,12.908496732026146,0.008307112013331812,0.004772406992105865,1.7406545642634363,34.96865045220119,58.16993464052288,0.014294958941453878,999.0,643.0,860.0,36.5,9.388457913794795,1.9620766599326372e-05,16,4.012855743843748e-05,2024-07-23 17:00:35.850133,2024-07-23 17:05:10.728040
j6nis4aa,Task_3,1721747110728040448,1721747385605947392,Task,816.2483766233767,59.37088879564423,35.45564044019498,14.61038961038961,0.012620658388095885,0.005743052046322497,2.1975525010568884,35.48379072403534,56.980519480519476,0.016919508562932395,999.0,643.0,866.0,39.0,12.10775760555934,3.5949639347484606e-05,26,4.496040480733411e-05,2024-07-23 17:05:10.728040,2024-07-23 17:09:45.605947
j6nis4aa,Task_4,1721747385605947392,1721747660483854336,Task,832.0652173913044,65.20225531395646,40.20035667400126,17.558528428093645,0.0153365000428475,0.006982164123961931,2.1965252850780908,40.23392010597629,62.87625418060201,0.013482218056261262,1059.0,663.0,880.0,38.0,12.06052749824069,4.926444636163042e-05,27,-0.00012116101209319319,2024-07-23 17:09:45.605947,2024-07-23 17:14:20.483854
j6nis4aa,Task_5,1721747660483854336,1721747797922807808,Task,845.840616966581,71.72495644430856,45.02645270614785,17.480719794344473,0.007340619982012287,0.0038054577306906394,1.9289716248352766,45.08457440998655,62.2107969151671,0.01111717024200873,1059.0,669.0,902.0,45.0,14.050285932301964,6.307089810362934e-05,22,9.863379121549383e-05,2024-07-23 17:14:20.483854,2024-07-23 17:16:37.922808
j6nis4aa,Baseline_1,1721745598899552256,1721745736338505728,Baseline,807.0735294117648,55.345104347427466,31.901876586334694,11.519607843137255,0.01547287703703761,0.006664633122073448,2.3216397292434623,31.938070967793678,48.529411764705884,0.018875198237884305,913.0,633.0,854.0,35.0,14.138316990950225,4.638713510833309e-05,28,0.00044908014263777,2024-07-23 16:39:58.899552,2024-07-23 16:42:16.338506
lj6e9cwt,Task_1,1721746560972226560,1721746835850133504,Task,748.3012232415903,73.41192240175917,32.96055464229506,11.162079510703364,0.01628696742110444,0.002691970930436219,6.050201819402718,32.98543637661593,49.38837920489297,0.011153898796827662,953.0,569.0,812.0,51.5,4.781517789215925,3.5613685108214104e-06,32,-3.3644621746890075e-05,2024-07-23 16:56:00.972227,2024-07-23 17:00:35.850133
lj6e9cwt,Task_2,1721746835850133504,1721747110728040448,Task,776.0079365079365,68.56587887668827,36.9146094964667,15.238095238095239,0.03126169593289503,0.007316140557447602,4.272976398884465,36.943704691526186,56.03174603174603,0.013922381054726762,965.0,577.0,834.0,43.0,4.552342846270201,2.7553566197013723e-06,32,-4.8569190644582466e-05,2024-07-23 17:00:35.850133,2024-07-23 17:05:10.728040
lj6e9cwt,Task_3,1721747110728040448,1721747385605947392,Task,764.6936236391913,76.25427462464664,36.38912233482783,15.241057542768274,0.028404139082571053,0.004612054196876993,6.158674176423303,36.41749258749153,55.83203732503888,0.01375237627864968,1029.0,565.0,826.0,51.0,4.681229959336199,4.253362136357207e-06,38,-2.5070694374675026e-05,2024-07-23 17:05:10.728040,2024-07-23 17:09:45.605947
lj6e9cwt,Task_4,1721747385605947392,1721747660483854336,Task,784.6714285714286,73.75528851954556,47.661932162098545,11.904761904761903,0.023614511404304428,0.006580907789723232,3.5883364664645403,47.699429690959086,48.41269841269841,0.013121411694387892,1271.0,565.0,836.2,42.0,4.746270900513254,4.28753017806238e-06,39,8.798728510617321e-06,2024-07-23 17:09:45.605947,2024-07-23 17:14:20.483854
lj6e9cwt,Task_5,1721747660483854336,1721747797922807808,Task,832.2864583333334,456.90250255349133,624.1411791319738,32.55208333333333,0.010104651484739758,0.011201798512767116,0.9020561718926744,624.9569991741682,55.989583333333336,0.0035919776042315026,5630.0,331.0,837.8000000000001,67.5,2.7478129620348364,1.8836627679785715e-05,4,2.6862746566821938e-05,2024-07-23 17:14:20.483854,2024-07-23 17:16:37.922808
lj6e9cwt,Baseline_1,1721745598899552256,1721745736338505728,Baseline,759.7847222222222,80.54727221148785,44.016475506442816,17.36111111111111,0.028029710091488698,0.00804674410630854,3.4833604400957374,44.067164343657126,51.157407407407405,0.016703032504326313,1033.0,540.0,830.0,51.0,4.9871270967972166,5.9606548399194455e-06,30,0.00014084753882311133,2024-07-23 16:39:58.899552,2024-07-23 16:42:16.338506
